index_name,tripfall,medicine,close,stillfall,eating,drinking,open,walkingfall,pushoverfall,takecup,knock,takephone
P0001_2m,qualified,No Data,err_shelter,qualified,qualified,qualified,qualified,qualified,qualified,No Data,No Data,err_camera_lacking
P0001_3m,err_action_lacking,qualified,qualified,err_action_lacking,qualified,err_shelter,qualified,qualified,qualified,err_action_lacking,qualified,err_action_lacking
P0001_4m,err_action_lacking,qualified,qualified,qualified,qualified,qualified,qualified,qualified,qualified,err_action_lacking,qualified,qualified
P0002_2m,err_action_lacking err_camera_lacking,qualified,qualified,err_action_lacking err_camera_lacking,err_action_lacking,qualified,qualified,err_action_lacking err_camera_lacking,err_action_lacking err_camera_lacking,No Data,err_action_lacking,err_action_lacking
P0002_3m,err_action_lacking,qualified,No Data,qualified,qualified,qualified,err_action_lacking err_camera_lacking,err_action_lacking,qualified,No Data,err_action_lacking,err_action_lacking
P0002_4m,Not Labeled or Wrong Labeled,qualified,qualified,qualified,qualified,err_action_lacking,qualified,err_action_lacking,qualified,qualified err_unknown,err_action_lacking,err_action_lacking
P0004_2m,No Data,err_pose,No Data,No Data,qualified,qualified,qualified,No Data,No Data,err_action_lacking,err_pose,qualified
P0004_3m,err_action_lacking,err_pose,qualified,err_action_lacking,qualified,qualified,qualified,err_action_lacking,No Data,err_action_lacking,err_pose,qualified
P0004_4m,err_action_lacking,err_pose,qualified,err_action_lacking,qualified,qualified,qualified,qualified,No Data,err_action_lacking,qualified,qualified
P0005_2m,Not Labeled or Wrong Labeled,qualified,Not Labeled or Wrong Labeled,No Data,qualified,qualified,qualified,Not Labeled or Wrong Labeled,No Data,qualified,err_camera_lacking,qualified
P0005_3m,qualified,qualified,err_action_lacking,qualified,qualified,qualified,qualified,qualified,No Data,qualified,qualified,qualified
P0005_4m,qualified,qualified,err_action_lacking,qualified,qualified,qualified,qualified,qualified,No Data,err_action_lacking,qualified,qualified
P0006_2m,qualified,err_pose,qualified,Not Labeled or Wrong Labeled,qualified,qualified,qualified,qualified,Not Labeled or Wrong Labeled,err_action_lacking,Not Labeled or Wrong Labeled,qualified
P0006_3m,qualified,err_pose,Not Labeled or Wrong Labeled,qualified,qualified,qualified,qualified,qualified,qualified,err_action_lacking,Not Labeled or Wrong Labeled,qualified
P0006_4m,qualified,err_pose,qualified,qualified,qualified,qualified,qualified,qualified,qualified,err_action_lacking,qualified,qualified
P0010_2m,err_pose,err_pose,No Data,err_pose,err_pose,err_pose,qualified,err_action_lacking,err_pose,err_pose,err_pose,err_pose
P0010_3m,err_pose,err_pose,No Data,err_pose,err_pose,err_pose,err_shelter,err_pose,err_pose,err_pose,err_pose,err_pose
P0010_4m,err_pose,err_pose,No Data,err_pose,err_pose,err_pose,err_shelter,err_pose,err_pose,err_pose,err_shelter,qualified
P0011_2m,err_camera_lacking,qualified,Not Labeled or Wrong Labeled,qualified,qualified,qualified,qualified,err_camera_lacking,qualified,err_pose,qualified,qualified
P0011_3m,err_camera_lacking,qualified,err_pose,qualified,qualified,qualified,qualified,qualified,qualified,err_pose,qualified,qualified
P0011_4m,qualified,qualified,qualified,qualified,qualified,qualified,qualified,qualified,qualified,qualified,qualified,qualified
P0012_2m,err_camera_lacking,qualified,err_pose,err_camera_lacking,qualified,qualified,qualified,Not Labeled or Wrong Labeled,err_camera_lacking,qualified,qualified,qualified
P0012_3m,qualified,qualified,qualified,qualified,qualified,qualified,qualified,qualified,qualified,qualified,qualified,qualified
P0012_4m,qualified,qualified,qualified,qualified,qualified,err_pose,qualified,qualified,qualified,err_pose,qualified,qualified
P0033_2m,Not Labeled or Wrong Labeled,Not Labeled or Wrong Labeled,No Data,qualified,qualified,qualified,No Data,qualified,qualified,No Data,qualified,Not Labeled or Wrong Labeled
P0033_3m,Not Labeled or Wrong Labeled,Not Labeled or Wrong Labeled,No Data,qualified,Not Labeled or Wrong Labeled,Not Labeled or Wrong Labeled,No Data,Not Labeled or Wrong Labeled,Not Labeled or Wrong Labeled,Not Labeled or Wrong Labeled,Not Labeled or Wrong Labeled,Not Labeled or Wrong Labeled
P0037_2m,No Data,No Data,qualified,No Data,qualified,qualified,qualified,No Data,No Data,qualified,qualified,qualified
P0037_3m,No Data,No Data,qualified,qualified,No Data,No Data,qualified,qualified,qualified,No Data,qualified,No Data
P0037_4m,No Data,No Data,qualified,qualified,qualified,qualified,qualified,qualified err_pose,qualified,qualified,qualified,qualified
P0038_2m,No Data,qualified,qualified,No Data,qualified,qualified,qualified,No Data,No Data,qualified,No Data,qualified
P0038_3m,No Data,No Data,qualified,qualified,No Data,No Data,qualified,qualified,No Data,No Data,qualified,No Data
P0038_4m,qualified,qualified,qualified,qualified,qualified,qualified,qualified,No Data,No Data,qualified,qualified,qualified
P0039_2m,err_camera_lacking,qualified,err_unknown,qualified,qualified,qualified,qualified,qualified,No Data,qualified,qualified,qualified
P0039_3m,err_camera_lacking,qualified,qualified,qualified,qualified,qualified,qualified,qualified,No Data,qualified,qualified,qualified
P0039_4m,qualified,qualified,qualified,qualified,qualified,qualified,qualified,qualified,qualified,qualified,qualified,qualified
P0040_2m,qualified,qualified,err_unknown qualified,qualified,qualified,qualified,qualified,qualified,qualified,qualified,qualified,qualified
P0040_3m,qualified,qualified,qualified,qualified,qualified,qualified,qualified,qualified,qualified,qualified,qualified,qualified
P0040_4m,qualified,qualified,qualified,qualified,qualified,qualified,qualified,qualified,qualified,qualified,qualified,qualified
